step,system_total_stopped,system_total_waiting_time,system_mean_waiting_time,system_mean_speed,96070328_stopped,96070328_accumulated_waiting_time,96070328_average_speed,GS_189331900_stopped,GS_189331900_accumulated_waiting_time,GS_189331900_average_speed,GS_249180260_stopped,GS_249180260_accumulated_waiting_time,GS_249180260_average_speed,GS_535221878_stopped,GS_535221878_accumulated_waiting_time,GS_535221878_average_speed,GS_cluster_1225347516_1225347532_1561447083_535188960_stopped,GS_cluster_1225347516_1225347532_1561447083_535188960_accumulated_waiting_time,GS_cluster_1225347516_1225347532_1561447083_535188960_average_speed,GS_cluster_1227171577_1227171582_536673959_96034844_stopped,GS_cluster_1227171577_1227171582_536673959_96034844_accumulated_waiting_time,GS_cluster_1227171577_1227171582_536673959_96034844_average_speed,GS_cluster_21754742_387497043_410375954_428968458_stopped,GS_cluster_21754742_387497043_410375954_428968458_accumulated_waiting_time,GS_cluster_21754742_387497043_410375954_428968458_average_speed,GS_cluster_2269908002_2270839096_2270839097_2270839098_stopped,GS_cluster_2269908002_2270839096_2270839097_2270839098_accumulated_waiting_time,GS_cluster_2269908002_2270839096_2270839097_2270839098_average_speed,cluster_2268730746_2268730747_23742909_471884876_stopped,cluster_2268730746_2268730747_23742909_471884876_accumulated_waiting_time,cluster_2268730746_2268730747_23742909_471884876_average_speed,joinedS_26769590_cluster_31150594_534972405_535188976_535189041_stopped,joinedS_26769590_cluster_31150594_534972405_535188976_535189041_accumulated_waiting_time,joinedS_26769590_cluster_31150594_534972405_535188976_535189041_average_speed,agents_total_stopped,agents_total_accumulated_waiting_time
0.0,0,0.0,0.0,0.0,0,0.0,1.0,0,0.0,1.0,0,0.0,1.0,0,0.0,1.0,0,0.0,1.0,0,0.0,1.0,0,0.0,1.0,0,0.0,1.0,0,0.0,1.0,0,0.0,1.0,0,0.0
5.0,0,0.0,0.0,9.074080516557334,0,0.0,1.0,0,0.0,1.0,0,0.0,1.0,0,0.0,1.0,0,0.0,1.0,0,0.0,1.0,0,0.0,0.9613663863928295,0,0.0,1.0,0,0.0,1.0,0,0.0,1.0,0,0.0
10.0,0,0.0,0.0,7.185751650433142,0,0.0,1.0,0,0.0,1.0,0,0.0,1.0,0,0.0,1.0,0,0.0,1.0,0,0.0,1.0,0,0.0,0.1817586001850881,0,0.0,1.0,0,0.0,0.8712453174253476,0,0.0,1.0,0,0.0
15.0,0,0.0,0.0,6.68139883550138,0,0.0,0.09268920132077417,0,0.0,1.0,0,0.0,1.0,0,0.0,1.0,0,0.0,0.176025911152627,0,0.0,1.0,0,0.0,0.9822498463547888,0,0.0,1.0,0,0.0,0.7742071746961001,0,0.0,0.9382242384871063,0,0.0
20.0,0,0.0,0.0,6.082627702513549,0,0.0,1.0,0,0.0,1.0,0,0.0,1.0,0,0.0,1.0,0,0.0,0.9279436961027863,0,0.0,1.0,0,0.0,1.0,0,0.0,1.0,0,0.0,0.7908169827733431,0,0.0,0.4603706763449409,0,0.0
25.0,4,9.0,0.375,5.988808381953828,0,0.0,1.0,0,0.0,1.0,0,0.0,1.0,0,0.0,1.0,0,0.0,1.0,0,0.0,1.0,0,0.0,0.8253777603059904,0,0.0,1.0,0,0.0,0.47998303967882755,3,9.0,0.008383043739102088,3,9.0
30.0,7,38.0,1.2666666666666666,5.7163402647182,0,0.0,1.0,0,0.0,1.0,0,0.0,1.0,0,0.0,1.0,0,0.0,1.0,0,0.0,1.0,1,2.0,0.189419500481496,0,0.0,1.0,2,8.0,0.49406232801812217,4,28.0,0.19297919483899967,7,38.0
35.0,5,45.0,1.25,5.86419414358922,1,2.0,0.0062810944437953825,0,0.0,1.0,0,0.0,1.0,0,0.0,1.0,0,3.0,0.9621387442312486,0,0.0,1.0,0,0.0,0.8149781641517438,0,0.0,1.0,1,8.0,0.3088647574009041,3,35.0,0.004511226435609653,5,48.0
40.0,2,27.0,0.6585365853658537,7.400514869330568,1,7.0,0.5,0,0.0,1.0,0,0.0,1.0,0,4.0,0.8192794023299815,0,3.0,0.6476483045149748,0,0.0,1.0,0,0.0,0.8566751789423405,0,0.0,1.0,0,1.0,0.6560507160189609,1,32.0,0.4134596128599905,2,47.0
45.0,4,44.0,0.9361702127659575,8.438990990002345,1,12.0,0.0,0,0.0,1.0,0,0.0,0.9188410664465424,0,0.0,0.9742756709392654,1,5.0,0.45164912707401067,0,0.0,0.6916069879866962,0,0.0,1.0,0,0.0,1.0,0,0.0,1.0,1,25.0,0.46833270513611164,3,42.0
50.0,4,33.0,0.6346153846153846,7.438540678104123,0,0.0,0.8345350587086293,0,0.0,1.0,0,0.0,0.9093196951828663,1,1.0,0.18122844041411462,1,1.0,0.45086505268371574,0,0.0,0.9102410955969025,0,0.0,0.3868387942358084,0,0.0,1.0,0,0.0,1.0,2,31.0,0.46553655031660446,4,33.0
55.0,5,53.0,0.9298245614035088,7.356827004704404,0,0.0,0.7182843696480167,0,0.0,1.0,0,0.0,0.9156647147410008,2,9.0,0.0006908033130504741,0,0.0,0.9944743730280036,0,0.0,0.9097104712808965,1,3.0,1.5023479497866097e-05,0,0.0,1.0,0,0.0,1.0,2,41.0,0.17129117368749175,5,53.0
60.0,9,90.0,1.5,7.136081483072043,1,4.0,0.5809730650061153,0,0.0,1.0,1,2.0,0.46069759406289745,2,19.0,0.44694436859630143,0,0.0,0.9356075148112611,0,0.0,0.6774394267511568,1,8.0,0.0,0,0.0,1.0,0,0.0,0.8678546843526868,4,57.0,0.18411540104150756,9,90.0
65.0,4,25.0,0.3787878787878788,6.659815327638565,1,1.0,0.2487752079519459,0,0.0,1.0,0,0.0,0.6971665688149464,0,0.0,0.23350466026739874,0,0.0,0.9313402994128527,0,0.0,0.904363771328269,0,0.0,0.9719751576051598,0,0.0,1.0,0,2.0,0.92277511601324,2,24.0,0.3283322079467782,3,27.0
70.0,7,55.0,0.7638888888888888,7.846455850052259,2,9.0,0.018461127334406014,0,0.0,1.0,0,0.0,0.5203787623423864,2,16.0,0.46515158102282356,0,4.0,0.7451125592772578,0,4.0,0.937516847068167,0,0.0,0.9685065840793294,0,0.0,1.0,0,4.0,0.8494109101631538,3,38.0,0.3922362290533327,7,75.0
75.0,11,105.0,1.3461538461538463,7.558814154649435,3,23.0,0.00019546988577659138,0,0.0,0.9338636774396109,1,3.0,0.5695616920240677,2,18.0,0.30122851899799824,1,9.0,0.5868448074380238,0,4.0,0.6884050878679409,1,3.0,0.0002601556927073534,0,4.0,0.8888433638631008,0,7.0,0.8533732698686756,3,53.0,0.37317943899857425,11,124.0
80.0,10,56.0,0.6829268292682927,6.859202817732083,1,13.0,0.0,0,0.0,0.010245229167581468,0,0.0,0.6593786231426936,2,16.0,0.30184857239088597,1,6.0,0.3230422907333744,1,10.0,0.6046385680087353,0,0.0,1.0,1,2.0,0.0021219326594010203,2,11.0,0.44161622787579524,2,18.0,0.5907849284009957,10,76.0
85.0,10,45.0,0.5232558139534884,7.414631152453905,0,13.0,0.41761894084128576,1,5.0,2.1332526701299557e-05,0,0.0,0.8807377701717741,1,12.0,0.43283940787327935,0,4.0,0.9237416985775018,1,10.0,0.6909254322105179,0,0.0,1.0,1,7.0,0.0,4,28.0,0.22062902192474643,1,11.0,0.6282159918900032,9,90.0
90.0,16,117.0,1.3,6.88661281419681,2,19.0,0.002250798235711903,1,10.0,0.0,0,0.0,1.0,1,17.0,0.27435998453992694,0,8.0,0.9699976440356141,1,19.0,0.544650943969886,0,0.0,0.9221303148603753,2,18.0,0.17353840799287287,6,57.0,0.2895512091342588,2,12.0,0.20061475845133686,15,160.0
95.0,13,111.0,1.168421052631579,6.232255024680974,1,23.0,0.5205548513826184,0,0.0,1.0,0,0.0,0.9171356612347262,2,6.0,6.507071859708175e-05,0,4.0,0.9358104787311129,1,10.0,0.5238156430850577,0,0.0,0.5547237116150123,0,4.0,0.28653237887146193,5,67.0,0.13720996826203602,3,26.0,0.4002156233449897,12,140.0
100.0,11,78.0,0.7878787878787878,8.047896339787084,1,28.0,0.0,0,0.0,1.0,0,0.0,0.9839065904234119,0,0.0,1.0,0,4.0,0.9468421679848249,1,11.0,0.5897608233653941,0,0.0,0.9404524335805878,2,12.0,0.26009348611282473,3,76.0,0.2627418422920224,3,41.0,0.4185459578650782,10,172.0
105.0,14,130.0,1.2745098039215685,8.115766774579285,1,33.0,0.0,0,0.0,1.0,0,0.0,0.8933612891618151,0,0.0,0.9236543263705586,0,4.0,0.838275485161788,1,7.0,0.6281691167676133,0,0.0,0.9086238689000113,3,23.0,0.0003641515235426316,1,50.0,0.5500284420338121,6,65.0,0.10675676142047269,12,182.0
110.0,12,70.0,0.6542056074766355,7.014124531120473,0,0.0,0.872135770276226,0,0.0,1.0,1,1.0,0.4897213513622109,0,0.0,0.9187204038242109,1,20.0,0.703915814539349,1,3.0,0.3336343022340069,0,0.0,0.41224270710514355,1,9.0,0.36233963679487546,2,38.0,0.40874451451083793,5,47.0,0.2691023557936319,11,118.0
115.0,17,75.0,0.6756756756756757,7.145121711079642,0,0.0,0.8661588792178707,0,0.0,1.0,1,6.0,3.491758564190713e-05,0,8.0,0.9859444827979253,2,22.0,0.34560403817143565,0,5.0,0.6932986460287595,1,3.0,1.8065848544612553e-05,4,14.0,0.1012171469114969,3,43.0,0.3905114043703262,4,37.0,0.37324599779256823,15,138.0
120.0,26,174.0,1.5,6.696278047173087,1,2.0,0.4757396811680781,0,0.0,1.0,1,11.0,0.0,1,10.0,0.0720821649080211,5,50.0,0.45325313808468715,2,12.0,0.5770818704228822,1,8.0,0.0,4,34.0,0.0,3,48.0,0.3963018346086984,5,63.0,0.3028389411437572,23,238.0
125.0,17,123.0,1.0336134453781514,6.386779075150765,0,0.0,1.0,0,0.0,1.0,0,0.0,1.0,2,7.0,0.00011057987808430198,2,28.0,0.6686081313740777,2,12.0,0.352489131577349,0,0.0,0.9438554804816551,0,0.0,0.5915351163874052,2,33.0,0.4065334273638778,6,71.0,0.1256794284612741,14,151.0
130.0,9,49.0,0.4049586776859504,7.71709490885422,0,0.0,0.08189690233305696,0,0.0,1.0,0,0.0,1.0,0,4.0,0.8551736509649422,1,14.0,0.580381525207392,3,30.0,0.20259765108759029,0,0.0,0.9786381693149598,1,2.0,0.46674727000140975,0,19.0,0.5444980777239337,4,68.0,0.31645480340814786,9,137.0
135.0,16,117.0,0.936,8.10343383453448,1,4.0,7.144438643952392e-05,0,0.0,1.0,0,0.0,1.0,0,0.0,0.9123978874915125,2,16.0,0.5732285905389481,4,50.0,0.44666193221827355,0,0.0,0.8890694866056323,1,10.0,0.40847923450236273,0,15.0,0.8105397240674866,5,45.0,0.0013707244497895568,13,140.0
140.0,16,102.0,0.7846153846153846,7.437630673923078,0,0.0,1.0,0,0.0,1.0,0,0.0,0.5970329643909895,1,1.0,0.6860441889338308,1,23.0,0.6681641127477667,4,55.0,0.3372290482870296,1,2.0,0.001286740201716884,1,5.0,0.005938157190772861,2,17.0,0.5594450836560763,2,25.0,0.4779356169844624,12,128.0
145.0,19,89.0,0.6742424242424242,7.019962389104615,0,0.0,0.9568377662414644,0,0.0,1.0,0,0.0,0.961603097172326,3,20.0,0.3537838761880552,4,19.0,0.24034009467328257,2,58.0,0.47667712775228,1,7.0,0.6471617180168537,3,16.0,0.002709888150121251,3,17.0,0.35760382352542164,1,24.0,0.5808388678496569,17,161.0
150.0,34,217.0,1.6074074074074074,6.449980038680372,1,1.0,0.006142142513731512,0,0.0,1.0,0,0.0,0.8619442299111951,5,40.0,0.049263641260463835,5,44.0,0.354006548089577,5,39.0,0.4922624975855338,1,12.0,0.2457246338725576,3,31.0,0.0,3,33.0,0.33011526968402805,2,34.0,0.555837302547462,25,234.0
155.0,27,212.0,1.5588235294117647,5.917308918570802,1,2.0,0.0001399060172964441,0,0.0,0.9615747038242017,0,0.0,0.4450913763873789,4,38.0,8.705524202088176e-06,1,11.0,0.7399414290762611,5,38.0,0.4066778942267316,0,0.0,1.0,0,0.0,1.0,3,34.0,0.10622687368315242,2,47.0,0.44682320555181215,16,170.0
160.0,13,77.0,0.5620437956204379,7.35317624355293,1,7.0,0.0,0,0.0,1.0,1,5.0,0.6004910037979719,0,4.0,0.5938437100665828,1,13.0,0.7214411527923151,5,35.0,0.3645390323860428,0,0.0,1.0,0,17.0,0.48905928223685385,0,24.0,0.4472300703577684,3,45.0,0.33003020200128186,11,150.0
165.0,17,152.0,1.1014492753623188,8.007366618493384,1,12.0,0.0,0,4.0,0.940767497978415,1,10.0,0.6001343507995545,0,0.0,0.8683946324752717,1,10.0,0.6500754695650132,6,65.0,0.3721528556116846,0,0.0,1.0,0,0.0,1.0,0,5.0,0.6909621945194537,4,62.0,0.27283981366889226,13,168.0
170.0,14,125.0,0.8992805755395683,7.378382661877962,0,0.0,1.0,0,0.0,1.0,0,0.0,0.27097929427593315,0,0.0,0.020043292637583122,1,18.0,0.6934243723459417,5,68.0,0.2533808778700609,0,0.0,1.0,1,15.0,0.021874453214382614,2,10.0,0.3228369979494064,1,49.0,0.5614405689802277,10,160.0
175.0,20,123.0,0.8601398601398601,7.060071747999476,0,0.0,0.012355699307979518,0,0.0,0.925377312767655,0,0.0,0.6934684106457925,1,13.0,0.6349474833950141,3,33.0,0.32123881290704426,3,73.0,0.4897933885752405,0,0.0,0.9176147263016403,4,38.0,0.0002606233710399331,3,33.0,0.2509379624238701,2,64.0,0.40062162885392943,16,254.0
180.0,33,239.0,1.6258503401360545,6.542806129771207,1,5.0,0.6661010885148486,1,1.0,0.0045737249413977405,0,0.0,1.0,3,20.0,0.22372448788884938,4,72.0,0.3275872644033534,5,92.0,0.4528594385633601,1,1.0,0.004300028666075166,4,62.0,0.16025961626069546,3,48.0,0.22988267995299322,3,71.0,0.45718210498597595,25,372.0
185.0,29,225.0,1.490066225165563,5.831555864932798,2,13.0,0.009920658379242133,0,0.0,1.0,0,0.0,1.0,1,10.0,0.16812065006346075,2,47.0,0.5170520336873864,8,91.0,0.399242675750582,0,4.0,0.9404220334446871,0,4.0,0.5248576728721709,2,30.0,0.0,3,76.0,0.22476593248023244,18,275.0
190.0,20,156.0,1.0,7.218818716550506,3,31.0,0.36314539280649344,0,0.0,1.0,0,0.0,1.0,1,5.0,0.0,1,16.0,0.7564578317924464,4,90.0,0.3425939486551109,0,0.0,0.9321996899877568,3,27.0,0.22578750236120365,0,16.0,0.7165922316791473,5,86.0,0.3403964658432349,17,271.0
195.0,26,258.0,1.6125,7.108159551148276,4,48.0,0.1732085359736252,0,0.0,0.9664582967706399,0,0.0,1.0,1,10.0,0.5491146627235711,2,17.0,0.4292416400271641,4,75.0,0.32960984504880714,1,2.0,0.4992295953161091,3,26.0,0.14122078742044333,0,4.0,0.6741317558910348,5,111.0,0.16184995742690786,20,293.0
200.0,22,239.0,1.4484848484848485,6.601437677463717,3,50.0,0.18510724134565987,0,0.0,0.014713620113511511,0,0.0,1.0,1,2.0,0.14405070699628936,2,9.0,0.3537082542557436,6,73.0,0.24550944161678118,0,0.0,0.7054908677599009,2,19.0,0.001981611028556478,0,0.0,0.8351354007318421,3,87.0,0.2656343011779682,17,240.0
205.0,25,237.0,1.4191616766467066,6.8614960598177595,3,65.0,0.0,1,5.0,0.0,0,0.0,0.39691759262030857,2,18.0,0.4634241543852136,3,51.0,0.24675412717533432,5,88.0,0.4811755878033775,1,1.0,0.4384440692315873,3,24.0,0.15370992338815845,0,0.0,0.9056704149017962,2,92.0,0.2717849690447329,20,344.0
210.0,43,400.0,2.366863905325444,6.1301763666314075,3,80.0,0.0,1,14.0,0.03864359193543592,0,0.0,0.9167717712007971,5,41.0,0.18939030858689151,5,80.0,0.2993331741159039,7,106.0,0.45889565664786197,1,6.0,0.682174842441948,4,44.0,6.433257816689117e-05,0,0.0,0.25908034069822594,5,111.0,0.1592057245849943,31,482.0
215.0,43,356.0,2.106508875739645,4.9758219277526825,2,27.0,0.33498510108248813,1,9.0,0.24358409665205993,0,0.0,0.8335042321329795,5,39.0,0.009521746038299543,2,33.0,0.5094309364211307,9,120.0,0.30717620124173967,0,4.0,0.598301254963408,0,0.0,1.0,0,0.0,0.8992088036745655,6,154.0,0.2349556800141191,25,386.0
220.0,28,240.0,1.3872832369942196,6.0100730781258775,1,18.0,0.5322297038731876,0,1.0,0.2210783544386668,0,0.0,0.7786072704106561,1,29.0,0.4755707231436427,0,12.0,0.6436183303859409,5,111.0,0.24954972166177972,3,7.0,0.23541946829788982,0,14.0,0.6016300212277063,0,7.0,0.6853982690101137,4,148.0,0.3300133254116074,14,347.0
225.0,30,316.0,1.8372093023255813,6.757399589299357,1,12.0,0.4984420445584629,0,1.0,0.5798756379388947,1,1.0,0.5076806907780035,1,10.0,0.44955660280679005,1,11.0,0.7763459695972358,5,99.0,0.31929879823421614,3,26.0,0.2343137708452646,0,1.0,0.10692781602523636,0,7.0,0.9400052802709602,5,165.0,0.2631587792632857,17,333.0
230.0,33,249.0,1.464705882352941,6.09094125815433,0,0.0,0.7656504128537027,1,2.0,0.057012704240481035,1,5.0,0.34177463831162336,1,1.0,0.3118685165104206,2,29.0,0.45932910701094193,6,105.0,0.15108274916154463,3,28.0,0.3786239966536501,2,32.0,0.0057900338935579195,0,13.0,0.5544709243964798,3,60.0,0.01329617017143673,19,275.0
235.0,43,327.0,1.9011627906976745,5.975154349015648,0,0.0,0.705938504797211,2,10.0,0.0003030806847724194,0,1.0,0.666910942869952,3,11.0,0.0013902595077209447,2,67.0,0.4955010235081194,8,136.0,0.30060667292721494,1,22.0,0.419178318462059,4,53.0,4.8126100009350905e-05,0,16.0,0.9607180369401079,5,84.0,0.16666666666666666,25,400.0
240.0,52,555.0,3.189655172413793,5.761288585464297,0,0.0,0.9181486141894766,2,20.0,0.0,0,0.0,0.9906953053470168,3,26.0,0.0,5,88.0,0.4223466211421591,8,150.0,0.41597051158759984,5,28.0,0.21603928793386715,4,77.0,0.1259672101030651,0,3.0,0.7608059828903826,5,109.0,0.14797718349019143,32,501.0
245.0,41,501.0,2.846590909090909,5.28601725161588,0,8.0,0.55810067872879,1,17.0,0.3072873400981472,0,0.0,0.9972628992408705,1,14.0,0.0,2,32.0,0.6003481205135551,11,166.0,0.18364064210508618,2,13.0,0.34170779677709834,0,4.0,0.4659429733460834,0,0.0,1.0,2,17.0,0.467985877806616,19,271.0
250.0,32,305.0,1.7329545454545454,6.366066868064897,1,5.0,0.45814438679592495,0,0.0,0.9410082042217472,0,0.0,0.858799448951757,0,4.0,0.9080624325888074,3,16.0,0.6416221101623919,5,156.0,0.23455132318955263,1,6.0,0.5010168161622166,3,23.0,0.19434940019468225,0,0.0,1.0,3,68.0,0.28894921276952795,16,278.0
255.0,31,213.0,1.196629213483146,6.610286478817103,1,10.0,0.0679566732023248,0,0.0,0.8711037217670781,0,0.0,0.9264508286353875,0,41.0,0.8208554786022301,4,38.0,0.5012124558028505,4,102.0,0.41694298501996874,4,16.0,0.16241298164471984,4,32.0,0.0,0,0.0,1.0,3,88.0,0.19793618078791314,20,327.0
260.0,30,208.0,1.149171270718232,6.129692330633536,3,24.0,0.1734984196024481,0,0.0,0.6067384073091424,0,0.0,0.9155844090717654,2,43.0,0.3126363162145727,5,89.0,0.28665569504281674,6,92.0,0.2980585435985938,3,24.0,0.0,3,55.0,0.09646264245373307,0,0.0,1.0,2,55.0,0.3056429338891335,24,382.0
265.0,38,194.0,1.065934065934066,5.894925703992917,4,42.0,0.1947640412844722,2,8.0,0.3067778638098743,0,0.0,0.9715957298983715,2,57.0,0.2572584855624348,2,135.0,0.28967986327795775,7,112.0,0.24889360082598733,0,17.0,0.4202186781171986,3,55.0,0.09527898993864406,0,16.0,0.9560425639425802,1,53.0,0.7488709031788005,21,495.0
270.0,59,431.0,2.3944444444444444,5.083472482844083,4,62.0,0.2880818067285173,3,20.0,0.1343372202438345,0,0.0,0.9554523096424083,2,67.0,0.27489246345339663,5,148.0,0.3455288364927505,8,144.0,0.4029910109086918,2,4.0,0.4767495907240963,4,75.0,0.14935425457526283,0,0.0,1.0,2,56.0,0.47066889396464884,30,576.0
275.0,64,515.0,2.814207650273224,4.363855170005436,4,36.0,0.07660529578379563,4,29.0,0.11100672932884101,0,0.0,0.6997470310530431,2,12.0,0.0077892254264724965,4,92.0,0.390793162945801,7,124.0,0.36494792364219514,0,0.0,0.7009406240550343,0,0.0,0.02933025885149003,0,0.0,1.0,2,4.0,0.2787385645379266,23,297.0
280.0,34,299.0,1.5736842105263158,5.478578552874092,3,51.0,0.11220805009339362,0,26.0,0.21855832032645886,0,0.0,0.8766993857937384,1,12.0,0.6177502395652826,3,85.0,0.3604481354189956,2,67.0,0.24698561805417205,1,3.0,0.28636810866849743,1,47.0,0.2928699679759136,0,4.0,0.7038442776666207,1,69.0,0.5088371818391891,12,364.0
285.0,36,318.0,1.6307692307692307,6.458747074108108,5,86.0,0.15750255469177282,0,4.0,0.577023770523724,0,0.0,0.9938959620409337,1,9.0,0.0,3,102.0,0.2898184597075653,2,53.0,0.4911155132771144,1,40.0,0.7318872224071549,1,12.0,0.3972177178794913,0,4.0,0.9964969679914426,1,66.0,0.580143366416282,14,376.0
290.0,32,250.0,1.2626262626262625,5.996533331906022,4,57.0,0.1975468580859327,1,5.0,0.20114068420159462,0,0.0,0.9352993141836237,0,0.0,0.9539090419348949,3,99.0,0.3236182915018098,3,41.0,0.2706000216932987,0,32.0,0.6532731663508963,3,66.0,0.016851160261645674,0,16.0,0.2839715531796704,1,17.0,0.5337685341244154,15,333.0
295.0,52,367.0,1.835,5.681914915964318,3,72.0,0.11135363149930842,4,17.0,0.0005135757916882356,0,0.0,0.9816248970759454,0,0.0,1.0,4,94.0,0.4524078374161971,8,68.0,0.26605950407187634,3,45.0,0.34060484499883975,4,83.0,0.0,1,22.0,0.6468270485830855,3,84.0,0.3452990297761939,30,485.0
300.0,61,601.0,3.005,5.558794424954146,4,74.0,0.1979865141033002,4,37.0,0.0,0,0.0,0.822339952427223,0,0.0,1.0,4,81.0,0.45470141149447735,11,133.0,0.37486239934189153,4,64.0,0.1676021895253641,4,103.0,0.0,0,13.0,0.6169078377057927,6,107.0,0.229507368526854,37,612.0
305.0,44,383.0,1.9343434343434343,5.236799247476229,3,47.0,0.3283448856549361,3,38.0,0.0,0,0.0,0.5345543833239081,0,0.0,1.0,4,50.0,0.5572459571394665,8,155.0,0.34449325257447105,2,9.0,0.34332940551645824,0,0.0,0.7469533242274176,0,1.0,0.6704083167526085,6,69.0,0.13055443751929424,26,369.0
310.0,32,214.0,1.0594059405940595,6.181072603213066,2,56.0,0.01844361171463751,0,13.0,0.4668893427889768,1,3.0,0.5664068126224437,0,4.0,0.854150908636486,4,54.0,0.4457969468129156,2,122.0,0.411395695217674,1,5.0,0.5090883849586103,1,13.0,0.2924695132939561,0,21.0,0.8556462399484932,4,71.0,0.1650661511026799,15,362.0
315.0,47,390.0,1.9024390243902438,6.574744973024807,3,35.0,1.3739750854774337e-05,0,0.0,0.9112525406164822,1,8.0,0.6879141369911266,0,1.0,0.8400177480746596,8,87.0,0.31329417121118963,1,33.0,0.5217908383882385,1,9.0,0.6277415528087248,1,8.0,0.0,0,21.0,0.945644395754341,4,91.0,0.011108613688040052,19,293.0
320.0,38,299.0,1.4875621890547264,5.727938364008685,1,13.0,0.033274647344206695,1,1.0,0.03580335852784266,0,0.0,0.67555131850504,1,2.0,0.00931499084465863,8,110.0,0.29499164023992486,3,40.0,0.08895735394724559,0,0.0,0.3911759165584217,1,26.0,0.10652016842551197,0,21.0,0.5523878252092637,1,11.0,0.4814196765186847,16,224.0
325.0,45,280.0,1.4213197969543148,5.419967496684427,1,5.0,4.144899505360428e-05,2,10.0,0.003534674425795156,1,2.0,0.6773267551047085,1,13.0,0.6204753075820039,7,156.0,0.16447224700015106,8,85.0,0.26387496460238297,3,10.0,0.10161961538136396,3,77.0,0.061590825290947386,1,25.0,0.6060810878740318,1,16.0,0.6075505674968831,28,399.0
330.0,51,383.0,1.9441624365482233,5.261705891585453,1,10.0,0.5,3,26.0,0.2469399023689482,1,7.0,0.632796618414158,3,21.0,0.0032611575359604793,9,205.0,0.17129206205570616,9,177.0,0.3414135371848979,4,33.0,0.3055600147729483,4,100.0,0.1579552291120668,0,0.0,0.8850835334870116,2,25.0,0.2930534768260301,36,604.0
335.0,45,360.0,1.8,4.706132113012792,0,0.0,0.1149472470572259,3,27.0,5.888533729862436e-06,0,0.0,0.9205941165697511,1,5.0,0.12260905139877165,6,158.0,0.34607147798529614,8,171.0,0.30496640507820044,2,21.0,0.004426817296760294,1,6.0,0.22958330643368344,0,0.0,0.653980371651888,2,35.0,0.24763857873109835,23,423.0
340.0,26,162.0,0.801980198019802,5.817285666612532,1,19.0,0.3036259408000697,0,16.0,0.26038871434992084,0,0.0,0.8810305295224005,0,0.0,1.0,1,54.0,0.5653903414019996,1,150.0,0.3831526413331786,1,5.0,0.3190438786929754,3,48.0,0.262782595418294,1,4.0,0.4556192583785778,2,102.0,0.15617136903481538,10,398.0
345.0,43,268.0,1.3201970443349753,6.201517503358991,3,30.0,0.0007730191543415497,0,0.0,0.6369934104246582,0,0.0,0.8465655130864411,0,0.0,0.9448655926858108,5,54.0,0.37372398497005666,0,68.0,0.5169033253369898,1,10.0,0.6185326523985144,5,129.0,0.19954425801647133,0,0.0,0.92676969923085,3,80.0,0.46460294304121147,17,371.0
350.0,41,248.0,1.2097560975609756,5.73901477244304,1,12.0,0.0,0,71.0,0.2783899364030021,0,0.0,0.9989430960035496,1,2.0,0.000124644626449821,5,95.0,0.3374692553767917,3,92.0,0.2952641486407372,0,31.0,0.6074199831395409,3,107.0,0.10230347902175992,1,2.0,0.716002872432504,2,54.0,0.5814015817478771,16,466.0
355.0,56,365.0,1.7804878048780488,5.176197758540354,0,0.0,1.0,4,84.0,0.00030408356530925516,0,0.0,1.0,1,7.0,0.0,5,100.0,0.25883136640066134,12,143.0,0.1993964522910009,2,36.0,0.32298316058327087,3,113.0,0.14551522501270578,1,1.0,0.6301494197769885,4,71.0,0.04954760593190067,32,555.0
360.0,77,691.0,3.3872549019607843,4.844747149152247,0,0.0,0.8745143913359112,4,108.0,0.14286414855149906,0,0.0,0.8243078236876968,1,12.0,0.0,6,142.0,0.36051415277794563,12,254.0,0.23444604095256846,4,54.0,0.19255783868636112,4,124.0,2.268415165736947e-06,1,2.0,0.38663002154341003,6,94.0,9.016840248473728e-06,38,790.0
365.0,67,756.0,3.6699029126213594,4.525783677827131,0,0.0,0.9798710770251465,4,115.0,1.6336167721881005e-05,0,0.0,0.8886892291084065,0,0.0,1.0,4,58.0,0.48694114688400236,12,181.0,0.2037460725110856,1,8.0,0.3304411949734683,1,86.0,0.2721546344826415,2,10.0,0.029477607286751032,2,23.0,0.0,26,481.0
370.0,40,418.0,2.0,5.736578647919877,0,9.0,0.685359926984282,0,107.0,0.29360640871215615,0,0.0,0.9227080139316518,0,8.0,0.9470469879527683,4,55.0,0.5518728448246507,4,206.0,0.28542220015541286,0,0.0,0.8414427545404748,2,104.0,0.2612004283417265,3,51.0,0.3743017283913681,2,82.0,0.3725371639746625,15,622.0
375.0,31,283.0,1.3286384976525822,6.712321819698377,1,13.0,0.2279647635847046,0,0.0,0.6257398599174592,0,0.0,0.924324371976895,0,0.0,1.0,5,53.0,0.39222688282485696,0,136.0,0.43082789817158534,1,1.0,0.5091941019467211,2,39.0,0.2633276721806933,2,49.0,0.5696687113672743,2,97.0,0.43051838193559266,13,388.0
380.0,25,119.0,0.5534883720930233,6.393266702629738,0,0.0,1.0,1,2.0,0.012830973488985754,1,1.0,0.46576949901029774,0,0.0,1.0,7,56.0,0.23885680814343377,3,154.0,0.361188362456087,1,3.0,0.5286662409776288,1,40.0,0.2998519973134626,0,37.0,0.7442019894037922,2,48.0,0.553090778353984,16,341.0
385.0,47,194.0,0.8981481481481481,5.676600803871228,0,0.0,1.0,2,12.0,1.2228747981568355e-05,1,6.0,0.3789802639425369,0,4.0,0.8133161438588729,4,129.0,0.3045043574224856,12,219.0,0.18627792997035214,2,3.0,0.13610695324575325,4,60.0,0.09182488989511209,1,30.0,0.43770107944705955,2,52.0,0.31970745628474206,28,515.0
390.0,65,412.0,1.8642533936651584,5.2172704615255885,0,0.0,0.9266710746972388,2,26.0,0.15151258467421844,2,13.0,0.0006334336820749815,0,4.0,0.3122037961113855,5,135.0,0.32973668383617893,20,328.0,0.14621937722614042,3,22.0,0.1925888550612066,4,80.0,0.14096135918782027,1,7.0,0.26378263986213885,3,66.0,2.01230353981872e-05,40,681.0
395.0,65,485.0,2.1748878923766815,4.742006835725955,1,1.0,0.004828988627440255,2,22.0,0.1596591956039501,1,7.0,0.0,0,0.0,0.09029107035386652,5,103.0,0.3891573328413608,18,328.0,0.06958095548986344,4,22.0,0.3669388424863461,0,0.0,0.035916667271831196,0,13.0,0.8908865580116582,1,9.0,0.7277421612952486,32,505.0
400.0,33,223.0,1.009049773755656,5.966545747396403,1,17.0,0.5899401762079495,0,11.0,0.32246788065708937,0,0.0,1.0,0,4.0,0.5999791767046803,0,79.0,0.7010911546946464,6,323.0,0.2562570873273709,2,15.0,0.34348366446246115,2,68.0,0.2979041993126459,0,13.0,0.961994816224302,0,52.0,0.8018335518743844,11,582.0
405.0,28,248.0,1.1071428571428572,6.674009438499937,3,25.0,0.006921341445155074,0,1.0,0.5605478528335902,0,0.0,1.0,0,0.0,0.8124201161271961,1,14.0,0.4222986530184791,1,128.0,0.5458934279841516,2,19.0,0.5627766719327274,2,126.0,0.33595284070568815,0,13.0,0.9107647842319718,0,0.0,0.8484089483048392,9,326.0
410.0,29,186.0,0.8378378378378378,5.678572525157725,1,5.0,0.0,1,3.0,0.09653842416184734,0,0.0,1.0,1,3.0,0.00013333783016737392,3,23.0,0.3560700437945263,4,137.0,0.27915833726830774,2,49.0,0.3977234358410826,3,116.0,0.053865886390499385,0,14.0,0.5833908149743724,2,114.0,0.02221864807615235,17,464.0
415.0,54,268.0,1.2126696832579185,5.158288758461266,1,1.0,0.010255169916572333,3,16.0,0.12252583495310283,0,0.0,1.0,1,8.0,0.0,6,47.0,0.13766178786895472,10,186.0,0.18698433799174657,3,45.0,0.3989103342275189,4,143.0,0.11938318281453864,0,14.0,0.9167155466056068,5,128.0,0.001395105045502629,33,588.0
420.0,77,577.0,2.683720930232558,4.701528905540603,1,6.0,0.0,5,37.0,0.09455180342583645,0,0.0,1.0,1,13.0,0.46069514766219233,7,96.0,0.3216040944077034,18,273.0,0.2541878248733057,4,58.0,0.15788193410156395,4,149.0,0.0,0,0.0,0.8922872396966085,5,153.0,0.14682552011747754,45,785.0
425.0,69,611.0,2.841860465116279,4.1024939072747415,0,0.0,1.0,5,47.0,0.00014263646409418392,0,13.0,0.8633737921769319,1,2.0,5.492548840272703e-05,4,65.0,0.378208836560786,16,295.0,0.2012882346930774,2,10.0,0.18755877583230954,1,100.0,0.0,0,0.0,0.7838969540022869,1,73.0,0.14798618629075871,30,605.0
430.0,44,315.0,1.4516129032258065,5.287542920956027,0,0.0,0.6697431730752507,0,42.0,0.32002796528425526,0,13.0,0.9430616295424454,1,7.0,0.5414885675403779,0,41.0,0.5433992831093106,8,280.0,0.2906495866917015,2,10.0,0.0021770317771935507,0,0.0,1.0,2,5.0,0.2824096153042377,1,3.0,0.0001579918191770846,14,401.0
435.0,28,239.0,1.0963302752293578,6.209942705529371,0,0.0,1.0,0,13.0,0.6046543854674518,0,14.0,0.9508162783984716,2,14.0,0.01519834261167275,0,4.0,0.7259286201230676,1,164.0,0.39608328570934176,2,20.0,0.3131067145969291,0,0.0,1.0,1,6.0,0.4342468514321369,1,70.0,0.6261441271933239,7,305.0
440.0,32,226.0,1.0462962962962963,6.035577424137604,0,0.0,1.0,1,14.0,0.10139659170314493,0,14.0,0.6816106131460954,2,12.0,0.0,2,25.0,0.4048989824548801,5,175.0,0.22576888640418205,1,53.0,0.3339520950922884,1,59.0,0.14839638950263384,0,25.0,0.9196263058606498,1,106.0,0.5977783260917384,13,483.0
445.0,57,388.0,1.7716894977168949,5.252306908326227,0,0.0,1.0,3,26.0,0.0007066497408316484,2,20.0,0.2627355101470944,0,6.0,0.5701129819377965,6,154.0,0.3527380995329673,15,260.0,0.16512169322587666,2,50.0,0.004971113862002556,3,77.0,0.007594741869456614,0,25.0,0.7521852874715051,1,57.0,0.36372900050975626,32,675.0
450.0,82,587.0,2.680365296803653,4.075461792784367,0,0.0,0.053663123954831755,3,41.0,0.0,3,34.0,0.4368666226051115,0,4.0,0.16070360555653487,9,296.0,0.1896413116836154,20,351.0,0.07898385514682142,3,65.0,0.0,4,97.0,4.2820382779673775e-05,0,0.0,0.8706302633288165,4,70.0,0.16697434815131254,46,958.0
455.0,83,713.0,3.300925925925926,3.8273824590648737,1,5.0,1.3247891748545178e-05,2,32.0,0.325271767687655,2,22.0,0.5678587668699766,0,0.0,0.9702799560041349,7,272.0,0.13533309389452627,19,371.0,0.04315313107362382,1,59.0,0.05310549694467181,0,0.0,1.0,0,0.0,0.46851791369321694,3,84.0,0.5725011700582565,35,845.0
460.0,39,426.0,1.9722222222222223,5.4041018342969735,1,21.0,0.48768294058681627,0,14.0,0.4406349565686024,0,30.0,0.7869043837681508,0,0.0,0.6139232512725223,1,135.0,0.3737588703698109,5,287.0,0.258944984213122,0,5.0,0.68026105177062,1,10.0,0.2367023953288065,1,4.0,0.5637997587755187,4,105.0,0.4521479665815541,13,611.0
465.0,36,509.0,2.334862385321101,6.227828303662167,1,22.0,0.47128938218079175,0,0.0,0.6295878560928968,0,18.0,0.7260349238931777,2,6.0,0.0018784699267518881,1,104.0,0.3333581018903646,1,175.0,0.5522293060136195,0,0.0,0.7900284881664125,1,93.0,0.37781704140644873,0,1.0,0.8685299363809639,7,129.0,0.20769651785236767,13,548.0
470.0,40,477.0,2.158371040723982,5.428754912662344,2,11.0,0.0016838546210708823,0,0.0,0.028993181284611598,2,23.0,0.4653251132901914,1,7.0,1.043875518738288e-05,1,16.0,0.7134608591780389,4,101.0,0.24726326710333169,0,0.0,0.6523801627298014,2,117.0,0.17590605982968296,0,26.0,0.8561159543240959,3,26.0,0.47982854543078307,15,327.0
475.0,55,509.0,2.3031674208144794,4.917839812023906,2,21.0,5.634577855673459e-06,2,9.0,1.075571422194015e-05,4,37.0,0.16124650782405933,0,4.0,0.9524149920859504,3,104.0,0.4323422001851323,8,148.0,0.25068293716723594,1,2.0,4.472662413933456e-05,4,132.0,0.10493583481639808,0,26.0,0.8528079138033826,5,106.0,0.08937187759109709,29,589.0
480.0,76,692.0,3.1171171171171173,4.348616448063015,2,31.0,0.0,2,19.0,0.0,5,64.0,0.14991120167183364,0,4.0,0.03925581525679557,9,334.0,0.23285621404311432,13,225.0,0.30141768642859507,1,11.0,0.6781722620552624,4,152.0,0.0,2,5.0,0.3486894094170504,6,136.0,0.20540124268634277,44,981.0
485.0,72,647.0,2.8628318584070795,3.814118588234206,1,0.0,0.01967168108572781,1,14.0,0.0,4,71.0,0.18241831913467044,0,0.0,1.0,7,276.0,0.15895859351261898,14,228.0,0.23979564829550007,0,1.0,0.6792373649365384,1,0.0,0.0,3,19.0,0.33241541981038597,5,115.0,0.2399042325183884,36,724.0
490.0,48,374.0,1.6403508771929824,4.886729139850221,1,4.0,0.41391213731009024,0,4.0,0.987192086764507,0,60.0,0.37014963269418655,0,4.0,0.7973034711036295,1,152.0,0.3334728026350251,3,152.0,0.24917114972101,0,0.0,0.46182349595820893,1,53.0,0.3217521106983918,3,38.0,0.38744442209974506,3,102.0,0.2947145434012951,12,569.0
495.0,47,410.0,1.7903930131004366,5.9171981202952315,1,9.0,0.447451630486655,0,0.0,0.8325801137712388,0,23.0,0.5796638966487462,0,1.0,0.9214958677641784,2,21.0,0.4228313677139628,0,78.0,0.48424968724688455,1,39.0,0.7502781927320122,2,18.0,0.27302923277498925,2,22.0,0.2418499376137191,5,109.0,0.2607566096560951,13,320.0
500.0,45,330.0,1.4666666666666666,5.222502701751813,0,0.0,1.0,0,0.0,1.0,2,27.0,0.3036554016684716,1,2.0,0.018775779658088854,3,98.0,0.5486709982045519,3,83.0,0.24427626069915837,1,37.0,0.3190439237005331,2,176.0,0.2431388823259585,2,9.0,0.0140884409069398,2,37.0,0.45803390296806373,16,469.0
505.0,59,375.0,1.644736842105263,4.967196421982039,0,0.0,0.7845277837430097,0,0.0,1.0,2,37.0,0.5035543767775177,2,16.0,0.4568589240772124,2,159.0,0.45074166740913935,11,139.0,0.24192574238088024,1,46.0,0.46834345280493145,3,189.0,0.16737282611399787,1,18.0,0.36179896509125936,2,98.0,0.3032131765727465,24,702.0
510.0,77,516.0,2.2145922746781115,4.528887668795859,0,0.0,1.0,0,0.0,1.0,2,47.0,0.4413733729494408,4,30.0,0.003811544327738362,7,370.0,0.26256515453092194,15,207.0,0.15513103157281427,3,55.0,0.22828932605054297,4,207.0,1.0779444698307337e-05,1,9.0,0.49600675751108614,4,114.0,0.17767080252655834,40,1039.0
515.0,69,528.0,2.2758620689655173,4.449573310070832,0,0.0,0.9368344512434993,0,0.0,1.0,2,22.0,0.40608036362909933,3,27.0,1.8130753472742648e-05,6,359.0,0.31492192588695017,12,208.0,0.1226245769901223,1,10.0,0.3178477988588962,1,156.0,0.0,1,27.0,0.6389788683598575,4,71.0,0.19912826925645252,30,880.0
520.0,49,397.0,1.703862660944206,5.434362268892274,0,0.0,0.4519202372013141,0,0.0,1.0,0,5.0,0.6181218261933152,0,6.0,0.6868494899169771,1,140.0,0.6502362917586079,3,171.0,0.2627147963414603,1,5.0,0.5610664211514057,1,18.0,0.30438295733416815,1,32.0,0.7207126375671107,5,171.0,0.4747110042136865,12,548.0
525.0,44,401.0,1.7136752136752136,5.980748505286531,1,4.0,1.6548892534315442e-05,0,1.0,0.8690027146961462,0,9.0,0.8194785678828206,0,0.0,1.0,2,75.0,0.4433822712377108,0,62.0,0.5888775768720569,2,10.0,0.35000018770333996,1,45.0,0.46254827911280855,0,75.0,0.8049679138888721,8,210.0,0.24128211510072678,14,491.0
530.0,39,300.0,1.2875536480686696,5.265063761101541,0,0.0,1.0,0,4.0,0.7565332452316625,1,11.0,0.7355825011566537,0,0.0,1.0,4,88.0,0.31887128164229306,1,63.0,0.16296718910986185,0,0.0,0.011677193388525008,1,26.0,0.2139861201886153,0,62.0,0.8729579273766651,13,316.0,0.09268318327423138,20,570.0
535.0,52,398.0,1.7081545064377683,5.197524047980114,0,0.0,0.8726042918143448,1,5.0,0.006598191706570078,1,16.0,0.4970221905957367,0,0.0,1.0,4,283.0,0.2793378761770236,7,103.0,0.39786493410730733,1,5.0,0.0,2,161.0,0.18880052479343037,0,58.0,0.599332483039667,15,350.0,0.02456815327435624,31,981.0
540.0,78,628.0,2.6610169491525424,4.628932872700194,0,0.0,1.0,2,15.0,0.3265328934256167,4,32.0,0.19499724668298993,0,0.0,1.0,8,311.0,0.31274586690397976,8,155.0,0.3024339147771707,1,10.0,0.5707140399424918,4,178.0,0.1346862813769127,1,60.0,0.04056216608459474,16,428.0,1.4916161546551871e-05,44,1189.0
545.0,65,585.0,2.5,4.275526955167611,0,0.0,1.0,3,27.0,1.2651049199793768e-05,3,35.0,0.2019364218248931,0,0.0,1.0,2,187.0,0.4423693677852448,8,144.0,0.23107179669331046,0,0.0,0.7538247603928645,0,0.0,0.0104966119779808,0,0.0,0.5951662712947188,8,247.0,0.10228573630344473,24,640.0
550.0,52,483.0,2.0553191489361704,5.147818607922416,0,13.0,0.94066973484995,2,30.0,0.3228944346024491,0,31.0,0.7419087939665534,0,8.0,0.9532997177622281,2,180.0,0.43597294779878837,1,111.0,0.3559648281552505,1,5.0,0.036670372597981504,2,15.0,0.1682721563018724,0,0.0,0.9445207114024844,6,178.0,0.0,14,571.0
555.0,48,516.0,2.168067226890756,5.672140169367785,0,0.0,0.5314539846199827,0,5.0,0.3959348900617501,0,17.0,0.8797019701787233,0,0.0,0.975429885568335,1,155.0,0.33024310794318595,0,47.0,0.5861446900637056,2,15.0,0.24988881050497735,2,20.0,0.24829165408329193,0,70.0,0.7638045187036981,6,210.0,0.27384838044819904,11,539.0
560.0,50,346.0,1.4661016949152543,5.221397682575033,0,0.0,0.9303328268348541,0,0.0,1.0,0,14.0,0.903718365843254,0,0.0,1.0,2,157.0,0.09860783890979126,2,49.0,0.27994091991379716,1,2.0,5.12906757135579e-05,2,106.0,0.28914821854108197,0,103.0,0.8953949772270301,6,149.0,0.16067047427048142,13,580.0
565.0,65,364.0,1.5826086956521739,5.076693321634426,0,0.0,0.5816098920384684,0,4.0,0.5973156714788734,2,30.0,0.6007696518698017,0,4.0,0.7771803873791834,5,295.0,0.08429338265215261,5,70.0,0.4905383930124768,0,0.0,1.0,4,121.0,0.10804692706192881,1,105.0,0.39519611610932015,6,100.0,0.1058307858814731,23,729.0
570.0,73,506.0,2.2389380530973453,4.633852945738051,0,0.0,0.6808589797231163,0,4.0,0.9095504443697815,3,49.0,0.3999998850331967,0,5.0,0.32872828444781865,7,326.0,7.87712227355325e-05,8,118.0,0.30174990757375336,0,0.0,0.9066741522812903,4,141.0,0.19184921397347698,3,74.0,0.15858072838045426,7,70.0,0.0,32,787.0
575.0,65,517.0,2.247826086956522,4.27330478255902,0,0.0,0.30571037664916656,1,5.0,0.024443879980726044,5,62.0,0.38304190178525777,1,2.0,0.11743636928446176,1,160.0,0.4693300506796609,6,106.0,0.306200224943134,0,0.0,0.560303383900192,0,0.0,0.2059336732830986,2,51.0,0.43305845055662295,3,60.0,0.012528030774666476,19,446.0
580.0,45,345.0,1.513157894736842,5.259306850136741,2,19.0,0.4550992065624834,1,3.0,3.2419846313264344e-05,1,62.0,0.47626454061184476,0,5.0,0.6149925407365049,0,277.0,0.5030187751729335,0,79.0,0.3789282942025105,1,4.0,0.39923655178055123,1,67.0,0.3395984716924682,2,29.0,0.5276024371773105,2,38.0,0.0,10,583.0
585.0,44,379.0,1.669603524229075,5.743054511446931,2,17.0,0.31832822872970273,0,0.0,0.916954089626084,1,66.0,0.6055664966397486,0,0.0,0.65661973424814,1,261.0,0.44230105101433237,0,73.0,0.8130333391168718,1,9.0,0.7223550469983584,1,14.0,0.4340040458134539,2,24.0,0.41106416834241716,2,121.0,0.2941423026421052,10,585.0
590.0,52,390.0,1.7410714285714286,4.962202969639675,0,0.0,0.5147681441488975,0,0.0,0.858652845831027,3,67.0,0.42087900233020775,0,0.0,1.0,1,343.0,0.4627491154636499,2,74.0,0.3630037511233751,0,0.0,0.430747128242645,1,133.0,0.21205803328849174,2,12.0,0.000728597991616768,3,136.0,0.0,12,765.0
595.0,72,499.0,2.2276785714285716,4.759250935463034,1,5.0,0.08125895642405874,0,4.0,0.6862731426747679,4,80.0,0.33109792573512475,0,0.0,0.8522251931895297,5,408.0,0.28280415846327045,7,97.0,0.33676721105532664,2,4.0,0.2955786196328584,2,143.0,0.21191771609094107,2,22.0,0.21438389799053892,3,151.0,0.14715712662330419,26,914.0
600.0,88,753.0,3.361607142857143,4.275867890242317,1,10.0,0.4418247438835228,0,0.0,0.9999981313126164,5,113.0,0.23852357936432564,1,3.0,0.4580535448751411,10,449.0,0.05821360233209369,9,154.0,0.24849137776296876,2,18.0,0.18349164823162994,3,161.0,0.21313134995775881,1,15.0,0.5954983256620329,5,176.0,0.005648648963591639,37,1099.0
605.0,83,846.0,3.7767857142857144,3.9205264532062847,0,0.0,0.476003007489764,0,0.0,0.6103550989150397,5,153.0,0.24511989977858228,0,0.0,0.42656853050260113,7,328.0,0.3214415487846976,9,141.0,0.1319586542777491,1,4.0,0.4826902344566001,1,5.0,0.296993080066929,0,0.0,0.9220001041446344,4,153.0,0.18821793433077738,27,784.0
610.0,61,646.0,2.845814977973568,4.737962626950377,1,15.0,0.6080078767061604,1,5.0,0.1272293863956061,1,133.0,0.49408554359660634,1,3.0,4.242893530932552e-05,0,141.0,0.6287798916940993,1,113.0,0.36873824369754454,0,0.0,0.8010240126188046,3,64.0,0.22634077793739799,0,38.0,0.6490626694691959,2,123.0,0.2366955746874717,10,635.0
615.0,67,697.0,3.0704845814977975,4.928866778464452,2,12.0,0.3240022582547059,2,5.0,0.0014588510395103262,0,100.0,0.580081606266768,1,8.0,0.48353819633779865,2,101.0,0.5734973834117073,3,37.0,0.41849162337804263,2,8.0,0.5572933801916177,5,44.0,0.11072021251599466,0,38.0,0.5535443003060725,4,138.0,0.2660312249613724,21,491.0
620.0,60,602.0,2.6875,4.221910916750361,0,0.0,0.8778030889319013,0,0.0,1.0,0,53.0,0.8177878618255644,1,1.0,0.006737276366366031,6,107.0,0.180465266407671,4,44.0,0.022476100192282005,2,11.0,0.1977723845595146,5,129.0,0.07102803463339849,0,38.0,0.5157623781036821,0,0.0,0.6021613744073374,18,383.0
625.0,73,694.0,3.05726872246696,4.637895110129337,0,0.0,0.5099596379741272,0,0.0,1.0,1,54.0,0.35269959206712875,0,0.0,1.0,9,148.0,0.06980782122917371,5,72.0,0.23033320442798694,4,24.0,0.09860562347073826,3,170.0,0.07456472957746715,1,63.0,0.5514217011150738,2,106.0,0.54824113277484,25,637.0
630.0,81,896.0,3.8956521739130436,4.76145491422505,1,1.0,0.01162526626291182,0,0.0,0.9054518324620069,4,83.0,0.46595036270366225,0,0.0,0.9748447776822781,7,182.0,0.12174763016070786,6,102.0,0.2879257885968722,4,47.0,0.08793683284063947,4,157.0,0.20177306045350882,0,21.0,0.48820906789502894,2,17.0,0.15784410369645388,28,610.0
635.0,73,887.0,3.8232758620689653,4.375924925080821,1,6.0,0.4420336160656284,1,2.0,0.5774766167397095,5,109.0,0.37746234662016487,0,0.0,1.0,5,153.0,0.12578512428889646,5,65.0,0.2903831284443261,2,19.0,0.2881737040715295,3,4.0,0.12681552543892308,0,12.0,0.40267571617747266,2,212.0,0.26485980598438197,24,582.0
640.0,65,777.0,3.334763948497854,5.102653176549351,1,25.0,0.6331042334036371,3,10.0,0.2428931002640855,5,188.0,0.3377100536201656,0,4.0,0.8288650393327937,1,143.0,0.30434136075781754,0,36.0,0.6211508595873246,0,0.0,0.7936941782281793,6,105.0,0.09152711493541142,0,0.0,0.6908379551755561,2,108.0,0.4190301201446673,18,619.0
645.0,70,745.0,3.1837606837606836,5.093013014783267,1,16.0,0.3165004061438928,4,52.0,0.09255862387581276,2,156.0,0.40235005404850205,0,0.0,0.8932554888558842,3,170.0,0.4576639904445628,2,42.0,0.6931940468262708,1,2.0,0.620073286766991,6,60.0,1.7562737077102067e-06,0,0.0,0.835863945659649,2,114.0,0.5717599782517608,21,612.0
650.0,57,619.0,2.6913043478260867,4.78591960524825,3,28.0,0.00014489507401412428,0,53.0,0.28065071758663906,1,192.0,0.6191181960441533,1,1.0,0.4474781848313252,6,377.0,0.3461701942979836,1,45.0,0.3899458526365299,1,1.0,0.31124029486419486,4,142.0,0.12893884143368564,0,0.0,0.9324014114078787,1,111.0,0.4815895783467733,18,950.0
655.0,62,566.0,2.4716157205240177,4.693099724480047,3,43.0,0.0,0,54.0,0.6659733068155167,1,286.0,0.6188025854401775,1,6.0,0.011672237932346147,9,472.0,0.17091484759671233,6,77.0,0.32176081044762295,1,5.0,1.3096254195564525e-05,3,143.0,0.16808224276786854,0,16.0,0.8321502352771627,4,129.0,0.10480154144933261,28,1231.0
660.0,78,803.0,3.5219298245614037,4.3148669923699625,3,58.0,0.21794750815955663,0,0.0,0.8681048813723933,2,294.0,0.6206534138870357,2,16.0,7.629577211362648e-06,11,525.0,0.18400173141216936,9,122.0,0.3735896455390328,1,10.0,0.44317150879770634,3,170.0,0.17466061305401095,0,16.0,0.5695342360852745,7,161.0,0.00014051401756426176,38,1372.0
665.0,77,859.0,3.767543859649123,4.066068797133416,1,17.0,0.4852735312179017,1,2.0,0.00215904980342772,2,235.0,0.6396281666732049,0,0.0,1.0,6,246.0,0.2475704227108731,10,108.0,0.29431468856747744,0,0.0,0.007277418282226213,4,184.0,0.1559893016972768,2,8.0,0.29793299834461356,1,8.0,0.0,27,808.0
670.0,68,735.0,3.237885462555066,4.411947696726174,1,18.0,0.3128845018511413,1,7.0,0.47974131536626413,2,124.0,0.5994612137268346,0,8.0,0.9204092227440392,4,281.0,0.24720056309111382,2,107.0,0.35872752938330393,0,0.0,1.0,2,3.0,0.08786732705056453,2,18.0,0.5161662439536341,0,126.0,0.7654488641713816,14,692.0
675.0,59,641.0,2.7869565217391306,4.910558432110029,2,26.0,2.3218956252345113e-05,1,12.0,0.2465702613520355,2,103.0,0.3791985253954821,0,0.0,1.0,1,137.0,0.16793222558700716,3,110.0,0.47392513971265543,0,4.0,0.9774784532571713,4,113.0,0.17292953679303322,1,13.0,0.570004593262474,1,123.0,0.14191912328822529,15,641.0
680.0,65,582.0,2.4871794871794872,4.56991150774653,3,37.0,0.0015144775542288028,2,12.0,0.20066821753932368,4,97.0,0.3996148524494088,0,0.0,0.8930090603156302,3,214.0,0.33316410410850483,7,109.0,0.215930170019728,4,10.0,0.004314246225632307,6,144.0,0.08775422158549692,0,0.0,0.846100034615457,1,253.0,0.24957168738215624,30,876.0
685.0,82,744.0,3.1659574468085108,4.193564429327691,3,52.0,0.0,0,11.0,0.3576357446114165,4,240.0,0.47164518962733687,0,0.0,1.0,9,264.0,0.24105096580888882,9,143.0,0.09771086317011327,4,30.0,0.25574589449204005,7,183.0,0.04595240151601184,0,4.0,0.7875054012237549,4,278.0,0.30086873472890086,40,1205.0
690.0,99,970.0,4.217391304347826,3.9792899165956364,3,67.0,0.0,0,0.0,1.0,3,275.0,0.6276491634255504,0,0.0,1.0,12,320.0,0.1856374579737411,13,239.0,0.22922515662764448,5,52.0,0.2389349078301632,5,195.0,0.004823569149131153,2,8.0,0.6854924362450704,6,305.0,0.02450361806370005,49,1461.0
695.0,93,1027.0,4.388888888888889,3.6245243866966295,1,23.0,0.4665409177600597,0,4.0,0.9808746102104465,2,269.0,0.48877857720956963,0,0.0,1.0,11,280.0,0.19927537703428705,14,225.0,0.28185626551496995,2,10.0,0.0035673958661151333,3,177.0,0.08053865634643914,3,17.0,0.36297635823953567,2,21.0,0.0,38,1026.0
700.0,76,741.0,3.100418410041841,4.050180320027144,0,33.0,0.3779380003929472,0,4.0,0.011984598516468959,3,304.0,0.38286340245455847,0,2.0,0.9964220037865733,6,267.0,0.33760171035133857,3,236.0,0.29841432868463663,1,5.0,0.6103176596604677,3,172.0,0.11727017155311435,4,36.0,0.2122295886270801,1,149.0,0.4710211894397244,21,1208.0
705.0,64,544.0,2.2386831275720165,4.694656801967463,3,44.0,0.05951308062779671,1,66.0,0.573495225810904,2,328.0,0.37300763643179197,0,0.0,1.0,4,191.0,0.1497743792247404,3,182.0,0.4065409051549432,1,10.0,0.0,5,272.0,0.12341031130438262,4,43.0,0.3771135793269148,1,18.0,0.7115244956682509,24,1154.0
710.0,48,313.0,1.2827868852459017,4.758608453740285,2,37.0,5.8908337887240965e-05,1,59.0,0.019078595330156555,3,329.0,0.2864621574487014,0,0.0,1.0,1,342.0,0.27656385936699834,6,195.0,0.22843190920097528,0,0.0,0.9189719632998101,7,138.0,0.07272550521715487,0,21.0,0.4883326489688758,2,132.0,0.05693819224804821,22,1253.0
715.0,64,400.0,1.646090534979424,4.834641773934377,2,47.0,0.0,0,20.0,0.54301956747903,8,356.0,0.22172797826697524,0,4.0,0.795845420979361,6,381.0,0.32843504413651553,12,246.0,0.11560148176535069,0,0.0,0.4258318168775663,7,274.0,0.048623599304301324,1,3.0,0.5796092850777412,2,141.0,0.3340587921734627,38,1472.0
720.0,89,671.0,2.75,4.21615161670378,2,57.0,0.0,0,0.0,1.0,12,415.0,0.18090291788901133,0,4.0,0.36127693572413805,9,416.0,0.09503977803565206,14,318.0,0.14532822060251263,2,11.0,0.532161311038769,4,273.0,0.10220400549094899,1,8.0,0.39410011111257665,3,159.0,0.1891329521123183,47,1661.0
725.0,96,911.0,3.703252032520325,3.683102118253564,0,0.0,1.0,0,0.0,0.8918039385314599,15,484.0,0.005048783098237516,1,5.0,0.04550818755874026,5,186.0,0.1289003312625837,15,324.0,0.3087091300929033,0,4.0,0.9034556491422172,7,288.0,0.06999387880217274,1,11.0,0.6095347104259741,4,172.0,0.0001775626833994089,48,1474.0
730.0,73,725.0,2.876984126984127,4.167811018906451,0,12.0,0.4112692289617209,0,0.0,0.46840847466573565,13,551.0,0.18597368914825194,1,3.0,0.5642610074051279,1,120.0,0.2187819036324509,3,347.0,0.2779981348294472,1,5.0,0.56891002647486,7,315.0,0.08276464429715086,1,16.0,0.7809682152617295,5,244.0,0.2037351068593632,32,1613.0
735.0,71,805.0,3.2071713147410357,4.653862074518145,2,24.0,0.009548713875674136,1,4.0,1.5011227401454986e-05,9,491.0,0.17154307657954382,1,3.0,0.008508723820113097,0,261.0,0.5401333908209218,2,343.0,0.4190642226178677,2,13.0,0.4822722378969055,8,218.0,0.049927471218143823,1,22.0,0.7805247846974941,6,271.0,0.16941686624402869,32,1650.0
740.0,76,828.0,3.298804780876494,4.146572968674706,2,18.0,0.24079145279912106,0,0.0,1.0,9,543.0,0.15036567100379392,2,13.0,2.6613844819110008e-05,3,285.0,0.2978631721842032,7,411.0,0.22494343963482213,1,47.0,0.3685194906126316,10,267.0,9.702460431375993e-07,1,3.0,0.5709505457293547,2,62.0,2.2113749587451087e-05,37,1649.0
745.0,81,764.0,3.043824701195219,4.3961648932493995,2,14.0,2.244873577884536e-05,0,0.0,1.0,5,551.0,0.2366179581785263,1,18.0,0.6461696138206275,6,370.0,0.2834266218927136,11,415.0,0.08462038069126102,3,55.0,0.2910071607614969,9,300.0,0.0004750623069905026,1,4.0,0.11473814350276211,1,3.0,0.4919020891256268,39,1730.0
750.0,85,741.0,2.9173228346456694,4.5907738059508585,2,28.0,0.3220833343609077,0,4.0,0.8512532461209931,11,626.0,0.09037933838754533,2,11.0,0.3739355782618604,7,363.0,0.1606741636287759,17,519.0,0.2009203864767432,2,65.0,0.4088177567131429,3,326.0,0.17340849645134848,3,17.0,0.02753263004033787,1,158.0,0.289056217899883,48,2117.0
755.0,74,762.0,2.988235294117647,4.54073295701422,1,25.0,0.005034720127335068,0,21.0,0.9944338565000627,14,751.0,0.0311980136520265,3,24.0,4.4713939189995926e-05,5,184.0,0.27056441664279113,15,492.0,0.2419568565323934,0,0.0,0.9308897252963073,2,225.0,0.12997262039019833,1,22.0,0.2533229883021189,1,9.0,0.48184190658918297,42,1753.0
760.0,70,666.0,2.622047244094488,4.472144073530659,2,35.0,0.0,0,1.0,0.943834215344515,15,729.0,0.04023611367311961,1,38.0,0.21651213919634804,2,123.0,0.392283727105102,4,441.0,0.24230427634665822,0,0.0,0.8015011996450934,2,111.0,0.09315775505566702,4,37.0,0.11301454621902192,2,164.0,0.12382896276167865,32,1679.0
765.0,58,533.0,2.115079365079365,5.244053962076553,2,45.0,0.3333333333333333,0,0.0,0.9081329494329462,11,624.0,0.09526980585694882,0,60.0,0.4683575283418379,1,63.0,0.4268637445094873,2,316.0,0.32879260289094825,0,0.0,0.9054563761774779,6,150.0,0.00661077004137498,4,57.0,0.25491934168524,3,29.0,0.36036811641978084,29,1344.0
770.0,50,464.0,1.848605577689243,5.119287613367368,3,58.0,0.23185412936057712,0,0.0,1.0,6,664.0,0.13427993568382093,0,0.0,1.0,3,63.0,0.3658552954879133,6,368.0,0.35121181348419717,1,5.0,0.5246090535634876,7,184.0,2.2555781881968225e-05,3,53.0,0.37308224705294407,3,438.0,0.19190319054552396,32,1833.0
775.0,66,636.0,2.544,4.753101764746076,4,74.0,0.0015875518115708721,0,12.0,0.91086566297917,7,695.0,0.1292659858367368,0,0.0,1.0,3,246.0,0.3929954439852133,12,440.0,0.22162921101096442,3,16.0,0.33973988910741004,8,301.0,0.0015914261701906762,0,19.0,0.6496545717480425,6,468.0,0.1514669917048589,43,2271.0
780.0,91,922.0,3.7028112449799195,4.188579118190043,4,98.0,0.14040014745256207,0,0.0,1.0,10,792.0,0.09550042411433791,0,0.0,1.0,7,416.0,0.14534550673679011,19,505.0,0.10385983455710936,4,32.0,0.21649475713453237,6,286.0,0.008678793236337448,1,5.0,0.48802010618800545,7,501.0,0.19968654355162496,58,2635.0
785.0,83,951.0,3.8502024291497974,3.786432204712284,3,100.0,0.002620569769959544,0,0.0,0.897633026692541,13,889.0,0.08734836727217155,0,0.0,1.0,6,365.0,0.15551331817697703,19,424.0,0.08275705012135602,1,2.0,0.5452969025684471,3,221.0,0.10414745166759969,0,0.0,0.9494176996075493,1,169.0,0.44552390253362695,46,2170.0
790.0,63,740.0,2.96,4.7863983195858015,4,125.0,0.1522710479241522,0,0.0,1.0,16,962.0,0.05441512645798374,0,7.0,0.9291828289979683,0,175.0,0.455075882308479,6,304.0,0.17003011849624497,1,3.0,0.7011259934596434,0,123.0,0.20008897258066194,0,0.0,0.7371258441704964,0,7.0,0.7147483099725155,27,1706.0
795.0,66,673.0,2.6706349206349205,5.169200934219498,5,149.0,0.16667364307563426,0,0.0,1.0,15,914.0,0.07156620468513364,1,8.0,0.12670571051047916,0,354.0,0.5543914464102837,2,214.0,0.43554092933526145,2,77.0,0.6105798519271493,4,185.0,0.09384985065499747,1,3.0,0.6216750510984721,5,120.0,0.26529691323487786,35,2024.0
800.0,70,583.0,2.3134920634920637,4.338566035083424,5,68.0,0.005664022558721053,0,5.0,0.48027524069150784,10,902.0,0.09249687499907411,4,21.0,0.001765976832952933,4,359.0,0.26806479733343047,3,211.0,0.25957975281499385,4,80.0,0.2183667483038207,6,226.0,0.07449289008775485,0,0.0,0.8933229711349568,2,290.0,0.26621532610527454,38,2162.0
805.0,94,598.0,2.411290322580645,3.804687027799544,1,53.0,0.41906196492268083,0,0.0,0.7785999065310744,6,866.0,0.16712126325215615,4,41.0,0.0,10,388.0,0.12809974612630004,11,249.0,0.14363112008571732,4,93.0,0.1492390798722537,8,220.0,0.004488159165149647,0,0.0,0.8513438903411068,7,459.0,0.15458418402938046,51,2369.0
810.0,113,856.0,3.4516129032258065,3.7275151251402736,1,13.0,0.0,2,7.0,0.2068156076625422,7,897.0,0.12441624276272151,2,24.0,0.0,11,440.0,0.14324036373924723,15,318.0,0.19853712133799667,5,113.0,0.15573435809673905,4,203.0,0.09139109807474155,0,0.0,0.9983039503073923,11,507.0,0.08375685468260263,58,2522.0
815.0,97,940.0,3.805668016194332,3.7617067087480986,0,0.0,1.0,4,22.0,0.0037011495068081253,12,1062.0,0.1004933869779091,0,0.0,1.0,7,259.0,0.18431574409170184,12,241.0,0.2873796538618101,2,59.0,0.4637000028252502,5,168.0,0.16607067924810037,0,0.0,1.0,5,334.0,0.13744076324056947,47,2145.0
820.0,78,790.0,3.134920634920635,4.345107995623467,1,2.0,0.18476073382674524,4,34.0,0.06658323577814623,13,1013.0,0.07203471179126611,0,8.0,0.9905626870793744,1,227.0,0.2472495849800195,2,119.0,0.36824964727203774,1,2.0,0.048152228051770864,4,127.0,0.2239227755021078,0,0.0,1.0,6,191.0,0.18711294498991704,32,1723.0
825.0,93,1009.0,3.9260700389105057,4.548948691406734,1,7.0,0.0,0,32.0,0.2512483006282694,11,910.0,0.12675292691056786,0,2.0,0.5701218165016944,5,256.0,0.3055488931103426,2,51.0,0.581908861155072,3,15.0,0.00010722412519384424,6,141.0,0.11923874748877683,0,4.0,0.7757663587269306,7,219.0,0.11844396443275189,35,1637.0
830.0,90,1139.0,4.397683397683398,4.306083750327718,0,0.0,1.0,0,6.0,0.5988244349575668,8,877.0,0.1351423603476253,1,3.0,0.4068921889576036,8,442.0,0.08225346241812118,3,29.0,0.22691119813154736,2,18.0,0.47098353373761226,4,132.0,0.1800697051783242,0,4.0,0.9602004455336222,6,59.0,0.08942644063219918,32,1570.0
835.0,88,1078.0,4.098859315589354,4.328488251729471,0,0.0,1.0,0,4.0,0.8627854581213883,4,881.0,0.2018852478807329,1,10.0,0.2779606112603289,9,479.0,0.10020986587620219,7,55.0,0.2783574290195702,1,19.0,0.30663194605222877,1,25.0,0.07877296111401358,0,4.0,0.6483694852384525,3,61.0,0.45332092914454164,26,1538.0
840.0,94,1113.0,4.280769230769231,4.442201916548906,0,0.0,0.03589503946654045,0,19.0,0.8183678836020746,9,1014.0,0.11846576785104188,3,21.0,0.15994439000135152,7,495.0,0.2637228704504038,8,94.0,0.12786241023720699,2,84.0,0.4643129225402065,5,120.0,0.23357642772856796,2,14.0,0.3902905828797333,4,52.0,0.20825508258505884,40,1913.0
845.0,100,1415.0,5.359848484848484,4.270387124180918,0,0.0,1.0,0,0.0,0.8873401807262487,11,1044.0,0.031474721562075376,1,11.0,0.007883630573837633,6,466.0,0.38263103121439834,6,71.0,0.1287100571036889,0,9.0,0.9062870774972795,6,74.0,0.07186743018348678,2,30.0,0.40809546225076243,5,67.0,0.161060779359559,37,1772.0
850.0,99,1619.0,6.086466165413534,4.665371582266956,0,0.0,0.0803840110705369,0,0.0,0.884319725537151,9,1018.0,0.11241306632583523,0,0.0,1.0,5,454.0,0.38368734960509393,2,38.0,0.4413590764114115,1,2.0,0.6117971533494979,6,98.0,0.008835624264223154,1,41.0,0.5782019653567598,8,105.0,0.15610335656009278,32,1756.0
855.0,102,1880.0,6.962962962962963,4.7245400840398615,1,3.0,0.0007849810112903109,0,0.0,1.0,6,899.0,0.2190170243959293,0,0.0,0.9829459559047661,9,645.0,0.16244698173438618,3,46.0,0.5367351970619552,1,86.0,0.665037051040739,7,117.0,0.03426165781306134,1,29.0,0.48560926756100264,11,148.0,0.07533653636172405,39,1973.0
860.0,96,2075.0,7.713754646840148,4.308803387618801,0,0.0,1.0,0,0.0,1.0,3,918.0,0.3032192315109501,0,0.0,0.02806920174295263,11,700.0,0.07054403828589118,2,122.0,0.7388707807134212,0,155.0,0.44123139760480834,9,160.0,0.0025876061267363316,1,19.0,0.6370126215742512,6,131.0,0.16701837864328734,32,2205.0
865.0,105,2200.0,8.239700374531836,4.231857645252241,0,0.0,0.5133848415764987,0,0.0,1.0,5,1015.0,0.2785716789458653,1,13.0,0.5952407440221777,9,733.0,0.19653125013973177,2,131.0,0.5990342382192024,3,313.0,0.3092606450239613,6,139.0,1.5622547694773312e-06,2,25.0,0.530623642927258,8,369.0,0.04568048541168095,36,2738.0
870.0,110,2354.0,8.783582089552239,4.003894623275925,1,3.0,0.43907080452336106,0,4.0,0.9931329374316129,8,1121.0,0.15483363885808146,2,10.0,0.14810374973308216,8,738.0,0.28113836847125423,9,164.0,0.2261786690258338,6,340.0,0.13471151684109398,6,174.0,0.1371990080137298,2,39.0,0.5863559877135364,8,209.0,0.19069731308344792,50,2802.0
875.0,117,2643.0,9.78888888888889,3.74715320207562,0,0.0,0.7168411725860724,0,8.0,0.36222660812737745,10,1163.0,0.04217653413703793,3,23.0,0.023754928402747878,6,705.0,0.26597620086793644,9,143.0,0.30152226519391434,4,252.0,0.43336846578395855,7,204.0,0.013609367240514172,2,50.0,0.39992794815170074,9,295.0,0.05675506065603938,50,2843.0
880.0,118,2830.0,10.404411764705882,3.884122792009723,1,2.0,0.4680660004806636,2,15.0,0.03618106315999591,9,1104.0,0.09510269263406099,4,43.0,1.6420380230085216e-05,9,755.0,0.22487842720569118,1,109.0,0.33700611201766834,2,172.0,0.3379031142474793,8,194.0,0.0008058919487734667,3,65.0,0.49968850387936853,6,287.0,0.13751669693749283,45,2746.0
885.0,127,3206.0,11.700729927007298,3.984476181715829,1,7.0,0.7278700164741714,4,34.0,0.0980920250032788,6,945.0,0.22378330959304518,3,28.0,0.02968372605445357,9,787.0,0.0,3,42.0,0.5155904580952931,4,186.0,0.07465297022754398,4,218.0,0.057545615049299094,3,70.0,0.5396983792259701,6,315.0,0.1249006789307541,43,2632.0
890.0,120,3323.0,12.039855072463768,3.9476258859482742,1,12.0,0.5884352802765098,5,44.0,0.00018570725584335536,3,966.0,0.22545659953266015,0,2.0,0.5129761607735334,8,796.0,0.0,4,55.0,0.48146060704015164,4,213.0,0.27632158974167687,8,273.0,0.014644743889092222,4,76.0,0.3841088439014565,7,295.0,0.023245164840380132,44,2732.0
895.0,113,3137.0,11.20357142857143,4.015928196523897,0,0.0,0.47757934357535053,0,41.0,0.2634817225242115,6,1049.0,0.2586479476431313,0,0.0,1.0,5,791.0,0.3436032970083771,4,47.0,0.37915743841137495,6,223.0,0.22034091705251235,7,279.0,0.06425646644040083,2,58.0,0.32233829197333197,9,346.0,0.21218987090091676,39,2834.0
900.0,114,3095.0,10.897887323943662,4.111802180615022,2,6.0,0.22518697727289924,0,17.0,0.6755907662347683,8,1132.0,0.132119853123792,0,0.0,1.0,5,798.0,0.18859747955345343,6,58.0,0.2853528279663142,8,254.0,0.10092143091829776,7,349.0,0.10257530350572504,3,96.0,0.4029007250916477,11,387.0,0.09483711166647188,50,3097.0
905.0,114,2871.0,10.038461538461538,4.088939142596193,3,21.0,0.3705284345788347,1,18.0,0.012882809242106176,11,1097.0,0.0729243930950154,0,0.0,1.0,6,820.0,0.001096803794310298,9,70.0,0.19083700640038442,4,215.0,0.23526675607965805,8,354.0,0.014441160401690887,2,106.0,0.42419094675713254,7,288.0,0.0012011690926339864,51,2989.0
910.0,102,2610.0,9.190140845070422,4.264418738382429,1,10.0,0.4988872557744599,2,42.0,0.21648033291885177,9,1035.0,0.22714284034675558,0,8.0,0.9452969964682691,6,858.0,0.30384403208437866,2,56.0,0.4126527371534895,3,227.0,0.13898662514064278,9,415.0,0.005632978422890051,1,116.0,0.45916652531832075,8,410.0,0.134343778625103,41,3177.0
915.0,108,2532.0,8.884210526315789,4.288799835539776,0,10.0,0.1829676132399334,5,61.0,0.0010047269495329363,6,1071.0,0.22349985857130045,0,0.0,0.09404636998844601,6,892.0,0.463159861652169,2,59.0,0.6068203047629063,6,261.0,0.10918357070904779,10,434.0,4.324314590441185e-06,1,87.0,0.48594192605315517,8,366.0,0.10039073450540664,44,3241.0
920.0,112,2414.0,8.381944444444445,4.201621144669502,2,4.0,0.002576045726085001,4,63.0,0.0,6,1099.0,0.18198095238950743,0,0.0,1.0,7,891.0,0.3107206626294066,1,76.0,0.8184250599409099,5,117.0,0.056397538044932735,10,484.0,0.0,2,78.0,0.28453216490294453,8,586.0,0.20120705845892076,45,3398.0
925.0,112,2275.0,7.844827586206897,4.217293086970733,1,6.0,0.23412178007414022,0,31.0,0.3403503430579158,8,1135.0,0.09340401557867864,0,0.0,0.9502299277903702,8,928.0,0.20011123656704988,2,74.0,0.5805179542731749,4,202.0,0.2509978329213217,7,467.0,0.0,5,97.0,0.21410633042431032,6,471.0,0.2453418861531646,41,3411.0
930.0,122,2480.0,8.464163822525597,4.1806901991274525,3,19.0,0.00047903770105005094,0,4.0,0.9222021524067119,12,1185.0,0.13223953325846682,0,0.0,0.5633042169629473,9,966.0,0.23343800452214636,6,124.0,0.29261180729200037,4,280.0,0.2238696556276069,7,541.0,0.1630588906899421,7,159.0,0.21822824554561562,7,365.0,0.24660482619924196,55,3643.0
935.0,130,2763.0,9.366101694915255,3.8528310160688193,3,34.0,0.0,0,4.0,0.5138267751045548,13,1250.0,0.12106632125247278,3,5.0,0.25889890277826805,5,865.0,0.33100054268728135,7,111.0,0.2588120787390585,4,349.0,0.2824298017782799,7,541.0,0.10630305580172679,6,165.0,0.2780456963017708,3,115.0,0.2629698636874015,51,3439.0
940.0,119,2706.0,9.172881355932203,3.9973906761256592,1,16.0,0.0,1,9.0,0.28320619361134053,14,1317.0,0.033474843886583144,3,29.0,0.21726126569737234,3,881.0,0.31512042417845937,1,108.0,0.48442107929148703,6,354.0,0.18106767716233996,8,587.0,0.0013906855097268397,3,191.0,0.31492016692003255,6,314.0,0.23263954185741684,46,3806.0
945.0,131,2887.0,9.753378378378379,4.020320962330064,0,0.0,0.5839165231402033,3,23.0,0.003995435056269263,15,1391.0,4.48310675625926e-06,5,26.0,0.000554158414289959,8,1113.0,0.2919172925081025,1,44.0,0.6005458552140981,9,393.0,0.09899014174502649,10,635.0,9.524503524727544e-05,2,153.0,0.23415876357603183,10,422.0,0.12908321684148555,63,4200.0
950.0,129,3047.0,10.190635451505017,3.87797415371612,1,2.0,0.00043964780934074534,3,25.0,9.892793515918712e-06,15,1466.0,0.0,0,14.0,0.4856228782359655,9,1125.0,0.07474346983366971,3,45.0,0.4060651273348049,4,261.0,0.3152589747129133,10,685.0,0.0,1,132.0,0.24384007065528626,10,308.0,0.10208741252392416,56,4063.0
955.0,129,3159.0,10.460264900662251,4.118448819935825,0,0.0,1.0,0,18.0,0.45535927398199094,15,1541.0,7.439043563046495e-07,0,4.0,0.7949585936096476,9,1145.0,0.18873264330894535,3,54.0,0.574886757300116,3,147.0,0.14813164324754693,6,607.0,0.0,4,148.0,0.23251019937512715,9,312.0,0.21732325508657027,49,3976.0
960.0,130,3404.0,11.234323432343235,4.116711775271729,1,1.0,0.2228636501937543,0,4.0,0.8261319983859964,15,1616.0,0.0,0,4.0,0.42872109643761375,9,1175.0,0.26280501217243585,6,81.0,0.32991812133091264,4,182.0,0.14400304745592696,6,715.0,0.15820860313012342,7,208.0,0.19693954922001597,8,321.0,0.3243852453503452,56,4307.0
965.0,127,3600.0,12.040133779264215,3.604009135101744,1,6.0,0.0,1,5.0,0.0028850609396187097,15,1691.0,0.05157693981961059,2,5.0,0.30138029273283806,7,1072.0,0.2715397982961812,6,173.0,0.3127152173637308,5,106.0,0.036758119950978115,6,715.0,0.057634720248296134,9,242.0,0.23213394993087536,8,164.0,0.013533725588397641,60,4179.0
970.0,119,3847.0,12.952861952861953,4.04467413178003,0,0.0,1.0,1,10.0,0.0,15,1766.0,0.06223691587106906,4,24.0,0.10276590030439439,5,1093.0,0.23376554966788465,0,202.0,0.7427921004587402,4,80.0,0.26358655018244675,7,774.0,0.0342436036200293,8,273.0,0.2918765017081093,8,440.0,0.15717890670253903,52,4662.0
975.0,127,4095.0,13.65,4.287592832714718,0,0.0,0.7561332609070774,1,15.0,0.4587037279987365,15,1841.0,0.06182708891927074,3,22.0,3.590591799254897e-05,7,1132.0,0.3998472959528166,1,144.0,0.690415890863627,4,80.0,0.2984552604485101,10,822.0,1.782093763331648e-05,5,238.0,0.40050297939587065,10,490.0,0.15083294707681777,56,4784.0
980.0,129,4134.0,13.919191919191919,3.7796579094234253,0,0.0,0.9545527396731914,1,20.0,0.054805029357725694,16,1918.0,2.8955653902635073e-05,0,8.0,0.6469860107141158,8,1168.0,0.3368707451370823,2,135.0,0.592081792849066,5,50.0,0.001581847408094825,10,872.0,0.0,3,245.0,0.3694033355991203,12,494.0,0.07402625732208942,57,4910.0
985.0,144,4365.0,14.746621621621621,3.346720942520262,0,2.0,0.8388676277483573,2,8.0,0.15109259713154344,16,1998.0,0.0,0,4.0,0.8178158583166214,12,1216.0,0.11064235191533979,5,156.0,0.5652079288246005,4,48.0,0.048655732717932755,7,853.0,0.0,4,251.0,0.24824639586643868,7,513.0,0.15866090561644933,57,5049.0
990.0,152,4608.0,15.620338983050848,3.0676738476352643,1,3.0,0.0007599787405659545,0,12.0,0.22452757512307772,16,2078.0,0.0,0,0.0,0.41025106089539504,15,1284.0,0.06218690563437399,7,191.0,0.23694066686145035,5,72.0,0.25548836338113845,7,925.0,0.1662599513484666,9,321.0,0.15419381705639648,8,510.0,0.1663488675898075,68,5396.0
995.0,157,4854.0,16.234113712374583,2.9773670103022187,2,9.0,0.00014926351295536084,1,8.0,1.2395982884378507e-05,16,2158.0,0.0,2,6.0,0.03692040700510008,13,1328.0,0.06025879719397293,12,125.0,0.059525585584599625,3,34.0,0.190495083166803,7,946.0,0.06264590874771117,10,349.0,0.13232726880960247,8,495.0,0.001272823129139214,74,5458.0
1000.0,131,4734.0,15.623762376237623,3.729539381116228,0,0.0,1.0,0,0.0,1.0,16,2238.0,0.0,4,22.0,0.0014952268082244822,9,1355.0,0.2145801561424243,2,94.0,0.21892116937694034,0,21.0,0.7026353730166133,9,982.0,4.250667407729609e-06,11,363.0,0.16899096249080642,5,487.0,0.23950403051584956,56,5562.0
